file,imports
setup.py,setuptools
scripts/asset_scanner.py,__future__;argparse;ast;csv;sys;pathlib
scripts/import_tasks_to_project.py,os;sys;yaml;requests
scripts/test_run.py,os;sys;datetime;config;notion_client;summarizer;llm_client;argparse;traceback
scripts/setup_notion.py,os;sys;requests;typing
scripts/__init__.py,
src/main.py,argparse;sys;logging;datetime;pytz;config;notion_client;summarizer;llm_client;notifier;utils;dotenv;traceback
src/utils.py,logging;time;functools;datetime;pytz
src/notifier.py,smtplib;requests;re;email.mime.text;email.mime.multipart;typing;config;utils
src/config.py,os;dataclasses;typing
src/summarizer.py,os;collections;typing;utils;datetime;pytz
src/llm_client.py,__future__;typing;openai;config;utils
src/__init__.py,
src/notion_client.py,requests;typing;datetime;config;utils;datetime;pytz;utils;datetime;pytz;datetime;pytz
tests/test_telegram.py,os;requests;dotenv;datetime
tests/debug_notion.py,os;requests;json;urllib.parse;pathlib;dotenv
tests/test_llm_client.py,pytest;unittest.mock;src.config;src.llm_client
tests/test_non_stream.py,os;openai
tests/test_asset_scanner.py,csv;sys;pathlib;asset_scanner
tests/test_notion_client.py,pytest;unittest.mock;datetime;src.config;src.notion_client;pytest;src.summarizer
tests/debug_time_analysis.py,os;sys;datetime;pytz;dotenv;src.config;src.notion_client;src.summarizer
